name,email,password,balance
Gourav,gourav@gmail.com,123456,15901.0
rama,rama@gmail.com,12345,0
ramesh,ramesh@gmail.com,Ramesh@123,0
mohit,mohit@gmail.com,Mohit@123,0
manisha,manisha@gmail.co,Manisha@123,0
Harish,harish@gmail.com,Harish@123,0
golu,golu@gmail.com,Golu@123,0
mahendra,mahendra@gmail.com,Mahendra@25,0
Sandip,sandip@gmail.com,Sandip@25,0
Manila,manila@gmail.com,Manila#25,100.0
